{
  "check_completeness": {
    "mean_ms": 0.01015419140458107,
    "median_ms": 0.008499715477228165,
    "p95_ms": 0.01762527972459793,
    "p99_ms": 0.02995971590280533,
    "std_dev_ms": 0.003975330587658376
  },
  "analyze_changes": {
    "mean_ms": 0.02044089138507843,
    "median_ms": 0.017687678337097168,
    "p95_ms": 0.037250109016895294,
    "p99_ms": 0.05391612648963928,
    "std_dev_ms": 0.006836782893667227
  },
  "get_traceability": {
    "mean_ms": 0.021347571164369583,
    "median_ms": 0.017500482499599457,
    "p95_ms": 0.0466248020529747,
    "p99_ms": 0.05145743489265442,
    "std_dev_ms": 0.009066495838437666
  },
  "prompt_requirements": {
    "mean_ms": 0.0034066662192344666,
    "median_ms": 0.003084540367126465,
    "p95_ms": 0.005541369318962097,
    "p99_ms": 0.007416121661663055,
    "std_dev_ms": 0.0008819451199821143
  },
  "concurrent_20_tools": {
    "mean_ms": 0.25820009410381317,
    "median_ms": 0.2506459131836891,
    "p95_ms": 0.30004139989614487,
    "p99_ms": 0.4148753359913826,
    "std_dev_ms": 0.025928543173926587
  }
}