{
  "check_completeness": {
    "mean_ms": 0.003102533519268036,
    "median_ms": 0.0023543834686279297,
    "p95_ms": 0.010541640222072601,
    "p99_ms": 0.01183338463306427,
    "std_dev_ms": 0.002227685175292161
  },
  "analyze_changes": {
    "mean_ms": 0.015638452023267746,
    "median_ms": 0.013083219528198242,
    "p95_ms": 0.024124979972839355,
    "p99_ms": 0.06308313459157944,
    "std_dev_ms": 0.00897776027428695
  },
  "get_traceability": {
    "mean_ms": 0.014015045017004013,
    "median_ms": 0.01272931694984436,
    "p95_ms": 0.021457672119140625,
    "p99_ms": 0.04079192876815796,
    "std_dev_ms": 0.0045549955359957504
  },
  "prompt_requirements": {
    "mean_ms": 0.0006133876740932465,
    "median_ms": 0.0004163011908531189,
    "p95_ms": 0.0022919848561286926,
    "p99_ms": 0.0042496249079704285,
    "std_dev_ms": 0.0007006537367476355
  },
  "concurrent_20_tools": {
    "mean_ms": 0.11839412152767181,
    "median_ms": 0.11312495917081833,
    "p95_ms": 0.14320947229862213,
    "p99_ms": 0.22854190319776535,
    "std_dev_ms": 0.0176733072639615
  }
}