{
  "check_completeness": {
    "mean_ms": 0.004764962941408157,
    "median_ms": 0.003041699528694153,
    "p95_ms": 0.01358427107334137,
    "p99_ms": 0.03516674041748047,
    "std_dev_ms": 0.005074422806334647
  },
  "analyze_changes": {
    "mean_ms": 0.01783238723874092,
    "median_ms": 0.013457611203193665,
    "p95_ms": 0.03179069608449936,
    "p99_ms": 0.1411670818924904,
    "std_dev_ms": 0.018752136519986258
  },
  "get_traceability": {
    "mean_ms": 0.023481659591197968,
    "median_ms": 0.013104639947414398,
    "p95_ms": 0.08974969387054443,
    "p99_ms": 0.12458395212888718,
    "std_dev_ms": 0.02369680096435548
  },
  "prompt_requirements": {
    "mean_ms": 0.0006333738565444946,
    "median_ms": 0.000500120222568512,
    "p95_ms": 0.0015003606677055359,
    "p99_ms": 0.0027921050786972046,
    "std_dev_ms": 0.0003977438309684475
  },
  "concurrent_20_tools": {
    "mean_ms": 0.12362079694867134,
    "median_ms": 0.11439528316259384,
    "p95_ms": 0.14454219490289688,
    "p99_ms": 0.3797905519604683,
    "std_dev_ms": 0.03844908119289371
  }
}